單字,詞性,中文意思,優先度,類型,過去式,過去分詞 p.p.,不規則,筆記
a,功能字,一個；一種,A 基礎必會,文法／連接／介系詞,—,—,—,
ability,n.,能力,A 基礎必會,名詞,—,—,—,
able,adj.,能夠的,A 基礎必會,形容詞,—,—,—,
about,功能字,關於；大約,A 基礎必會,文法／連接／介系詞,—,—,—,
above,功能字,在…上方,A 基礎必會,文法／連接／介系詞,—,—,—,
abroad,adv.,在國外,A 基礎必會,副詞,—,—,—,
absence,n.,缺席；不在,A 基礎必會,名詞,—,—,—,
absolute,adj.,絕對的,A 基礎必會,形容詞,—,—,—,
absolutely,adv.,完全地；當然,A 基礎必會,副詞,—,—,—,
academic,adj.,學術的,A 基礎必會,形容詞,—,—,—,
accept,v.,接受,A 基礎必會,動詞,accepted,accepted,否,
access,n.,使用權；存取,A 基礎必會,名詞,—,—,—,
accident,n.,意外；事故,A 基礎必會,名詞,—,—,—,
accompany,v.,陪伴,A 基礎必會,動詞,accompanied,accompanied,否,
accomplish,v.,完成；達成,A 基礎必會,動詞,accomplished,accomplished,否,
account,n.,帳戶；帳目,A 基礎必會,名詞,—,—,—,
accurate,adj.,準確的,A 基礎必會,形容詞,—,—,—,
achieve,v.,達成；實現,A 基礎必會,動詞,achieved,achieved,否,
achievement,n.,成就,A 基礎必會,名詞,—,—,—,
acknowledge,v.,承認；確認,A 基礎必會,動詞,acknowledged,acknowledged,否,
acquire,v.,獲得；習得,A 基礎必會,動詞,acquired,acquired,否,
across,功能字,穿過,A 基礎必會,文法／連接／介系詞,—,—,—,
act,v.,行動；表演,A 基礎必會,動詞,acted,acted,否,
action,n.,行動；動作,A 基礎必會,名詞,—,—,—,
active,adj.,活躍的；積極的,A 基礎必會,形容詞,—,—,—,
activity,n.,活動,A 基礎必會,名詞,—,—,—,
actual,adj.,實際的,A 基礎必會,形容詞,—,—,—,
actually,adv.,事實上,A 基礎必會,副詞,—,—,—,
adapt,v.,適應；改編,A 基礎必會,動詞,adapted,adapted,否,
add,v.,增加；加上,A 基礎必會,動詞,added,added,否,
additional,adj.,額外的,A 基礎必會,形容詞,—,—,—,
address,n.,地址,A 基礎必會,名詞,—,—,—,
adequate,adj.,足夠的；適當的,A 基礎必會,形容詞,—,—,—,
adjust,v.,調整,B 中高級核心,動詞,adjusted,adjusted,否,
administration,n.,管理；行政部門,A 基礎必會,名詞,—,—,—,
admit,v.,承認；准許進入,A 基礎必會,動詞,admitted,admitted,否,
adopt,v.,採用；收養,B 中高級核心,動詞,adopted,adopted,否,
adult,n.,成年人,A 基礎必會,名詞,—,—,—,
advanced,adj.,進階的；先進的,A 基礎必會,形容詞,—,—,—,
advantage,n.,優點；優勢,A 基礎必會,名詞,—,—,—,
adventure,n.,冒險,A 基礎必會,名詞,—,—,—,
advertise,v.,做廣告,B 中高級核心,動詞,advertised,advertised,否,
advertisement,n.,廣告,A 基礎必會,名詞,—,—,—,
advice,n.,建議,A 基礎必會,名詞,—,—,—,
advise,v.,建議,A 基礎必會,動詞,advised,advised,否,
affair,n.,事情；事務,A 基礎必會,名詞,—,—,—,
affect,v.,影響,A 基礎必會,動詞,affected,affected,否,
afford,v.,負擔得起,A 基礎必會,動詞,afforded,afforded,否,
afraid,adj.,害怕的,A 基礎必會,形容詞,—,—,—,
after,功能字,在…之後,A 基礎必會,文法／連接／介系詞,—,—,—,
again,adv.,再一次,A 基礎必會,副詞,—,—,—,
against,功能字,反對；靠著,A 基礎必會,文法／連接／介系詞,—,—,—,
age,n.,年齡；時代,A 基礎必會,名詞,—,—,—,
agency,n.,機構；代理商,A 基礎必會,名詞,—,—,—,
agent,n.,代理人；經紀人,A 基礎必會,名詞,—,—,—,
agree,v.,同意,A 基礎必會,動詞,agreed,agreed,否,
agreement,n.,協議；同意,A 基礎必會,名詞,—,—,—,
agriculture,n.,農業,A 基礎必會,名詞,—,—,—,
ahead,adv.,在前面；提前,A 基礎必會,副詞,—,—,—,
aim,n.,目標,A 基礎必會,名詞,—,—,—,
air,n.,空氣,A 基礎必會,名詞,—,—,—,
airline,n.,航空公司,A 基礎必會,名詞,—,—,—,
airplane,n.,飛機,A 基礎必會,名詞,—,—,—,
airport,n.,機場,A 基礎必會,名詞,—,—,—,
alarm,n.,警報；鬧鐘,A 基礎必會,名詞,—,—,—,
alive,adj.,活著的,A 基礎必會,形容詞,—,—,—,
all,功能字,全部；所有,A 基礎必會,文法／連接／介系詞,—,—,—,
allow,v.,允許,A 基礎必會,動詞,allowed,allowed,否,
almost,adv.,幾乎,A 基礎必會,副詞,—,—,—,
alone,adv.,獨自地,A 基礎必會,副詞,—,—,—,
already,adv.,已經,A 基礎必會,副詞,—,—,—,
also,adv.,也；此外,A 基礎必會,副詞,—,—,—,
although,功能字,雖然,A 基礎必會,文法／連接／介系詞,—,—,—,
always,adv.,總是,A 基礎必會,副詞,—,—,—,
amazing,adj.,令人驚訝的,A 基礎必會,形容詞,—,—,—,
among,功能字,在…之中,A 基礎必會,文法／連接／介系詞,—,—,—,
amount,n.,數量,A 基礎必會,名詞,—,—,—,
an,功能字,一個；一種,A 基礎必會,文法／連接／介系詞,—,—,—,
analysis,n.,分析,A 基礎必會,名詞,—,—,—,
analyze,v.,分析,B 中高級核心,動詞,analyzed,analyzed,否,
ancient,adj.,古代的,A 基礎必會,形容詞,—,—,—,
and,功能字,和；而且,A 基礎必會,文法／連接／介系詞,—,—,—,
anger,n.,憤怒,A 基礎必會,名詞,—,—,—,
angle,n.,角度,A 基礎必會,名詞,—,—,—,
angry,adj.,生氣的,A 基礎必會,形容詞,—,—,—,
animal,n.,動物,A 基礎必會,名詞,—,—,—,
announce,v.,宣布,A 基礎必會,動詞,announced,announced,否,
announcement,n.,公告,A 基礎必會,名詞,—,—,—,
annual,adj.,每年的,A 基礎必會,形容詞,—,—,—,
another,功能字,另一個；再一個,A 基礎必會,文法／連接／介系詞,—,—,—,
anxiety,n.,焦慮,A 基礎必會,名詞,—,—,—,
anxious,adj.,焦慮的；渴望的,A 基礎必會,形容詞,—,—,—,
any,功能字,任何；一些,A 基礎必會,文法／連接／介系詞,—,—,—,
apart,adv.,分開地,A 基礎必會,副詞,—,—,—,
apartment,n.,公寓,A 基礎必會,名詞,—,—,—,
apologize,v.,道歉,B 中高級核心,動詞,apologized,apologized,否,
apparent,adj.,顯然的,A 基礎必會,形容詞,—,—,—,
apparently,adv.,顯然地；看來,A 基礎必會,副詞,—,—,—,
appear,v.,出現；似乎,A 基礎必會,動詞,appeared,appeared,否,
appearance,n.,外表；出現,A 基礎必會,名詞,—,—,—,
application,n.,申請；應用程式,A 基礎必會,名詞,—,—,—,
apply,v.,申請；應用,A 基礎必會,動詞,applied,applied,否,
appointment,n.,預約,A 基礎必會,名詞,—,—,—,
appreciate,v.,感謝；欣賞,B 中高級核心,動詞,appreciated,appreciated,否,
approach,v./n.,接近；處理,B 中高級核心,動詞；名詞,approached,approached,否,
appropriate,adj.,適當的,A 基礎必會,形容詞,—,—,—,
approval,n.,批准；同意,A 基礎必會,名詞,—,—,—,
approve,v.,批准；同意,B 中高級核心,動詞,approved,approved,否,
approximately,adv.,大約,A 基礎必會,副詞,—,—,—,
area,n.,區域；領域,A 基礎必會,名詞,—,—,—,
argue,v.,爭論；主張,A 基礎必會,動詞,argued,argued,否,
argument,n.,爭論；論點,A 基礎必會,名詞,—,—,—,
arm,n.,手臂,A 基礎必會,名詞,—,—,—,
army,n.,軍隊,A 基礎必會,名詞,—,—,—,
around,adv.,在周圍；大約,A 基礎必會,副詞,—,—,—,
arrange,v.,安排,A 基礎必會,動詞,arranged,arranged,否,
arrive,v.,到達,A 基礎必會,動詞,arrived,arrived,否,
art,n.,藝術,A 基礎必會,名詞,—,—,—,
article,n.,文章；物品,A 基礎必會,名詞,—,—,—,
artist,n.,藝術家,A 基礎必會,名詞,—,—,—,
as,功能字,作為；當…時；和…一樣,A 基礎必會,文法／連接／介系詞,—,—,—,
ask,v.,詢問；要求,A 基礎必會,動詞,asked,asked,否,
aspect,n.,方面,A 基礎必會,名詞,—,—,—,
assist,v.,協助,B 中高級核心,動詞,assisted,assisted,否,
assistance,n.,協助,A 基礎必會,名詞,—,—,—,
assistant,n.,助理,A 基礎必會,名詞,—,—,—,
association,n.,協會；關聯,A 基礎必會,名詞,—,—,—,
assume,v.,假設,B 中高級核心,動詞,assumed,assumed,否,
at,功能字,在；於,A 基礎必會,文法／連接／介系詞,—,—,—,
athlete,n.,運動員,A 基礎必會,名詞,—,—,—,
atmosphere,n.,氣氛；大氣,A 基礎必會,名詞,—,—,—,
attach,v.,附上；連接,B 中高級核心,動詞,attached,attached,否,
attempt,v.,嘗試,B 中高級核心,動詞,attempted,attempted,否,
attention,n.,注意,A 基礎必會,名詞,—,—,—,
attitude,n.,態度,A 基礎必會,名詞,—,—,—,
attract,v.,吸引,B 中高級核心,動詞,attracted,attracted,否,
attraction,n.,景點；吸引力,A 基礎必會,名詞,—,—,—,
attractive,adj.,吸引人的,A 基礎必會,形容詞,—,—,—,
audience,n.,觀眾；聽眾,A 基礎必會,名詞,—,—,—,
author,n.,作者,A 基礎必會,名詞,—,—,—,
authority,n.,當局；權威,A 基礎必會,名詞,—,—,—,
automatic,adj.,自動的,A 基礎必會,形容詞,—,—,—,
available,adj.,可取得的；有空的,A 基礎必會,形容詞,—,—,—,
average,n./adj.,平均的,A 基礎必會,名詞；形容詞,—,—,—,
avoid,v.,避免,A 基礎必會,動詞,avoided,avoided,否,
aware,adj.,知道的；有意識的,A 基礎必會,形容詞,—,—,—,
away,adv.,離開；在遠處,A 基礎必會,副詞,—,—,—,
baby,n.,嬰兒,A 基礎必會,名詞,—,—,—,
back,adv.,回去,A 基礎必會,副詞,—,—,—,
background,n.,背景,A 基礎必會,名詞,—,—,—,
bad,adj.,壞的,A 基礎必會,形容詞,—,—,—,
bag,n.,袋子,A 基礎必會,名詞,—,—,—,
balance,n.,平衡,A 基礎必會,名詞,—,—,—,
ball,n.,球,A 基礎必會,名詞,—,—,—,
bank,n.,銀行；河岸,A 基礎必會,名詞,—,—,—,
bar,n.,酒吧；條；障礙,A 基礎必會,名詞,—,—,—,
base,n.,基礎,A 基礎必會,名詞,—,—,—,
basic,adj.,基本的,A 基礎必會,形容詞,—,—,—,
basis,n.,根據；基礎,A 基礎必會,名詞,—,—,—,
basket,n.,籃子,A 基礎必會,名詞,—,—,—,
bath,n.,洗澡；浴缸,A 基礎必會,名詞,—,—,—,
bathroom,n.,浴室,A 基礎必會,名詞,—,—,—,
battery,n.,電池,A 基礎必會,名詞,—,—,—,
be,v.,是；存在,A 基礎必會,動詞,was/were,been,是,
beach,n.,海灘,A 基礎必會,名詞,—,—,—,
beat,v.,打敗；敲打,A 基礎必會,動詞,beat,beaten,是,
beautiful,adj.,美麗的,A 基礎必會,形容詞,—,—,—,
beauty,n.,美；美人,A 基礎必會,名詞,—,—,—,
because,功能字,因為,A 基礎必會,文法／連接／介系詞,—,—,—,
become,v.,變成,A 基礎必會,動詞,became,become,是,
bed,n.,床,A 基礎必會,名詞,—,—,—,
bedroom,n.,臥室,A 基礎必會,名詞,—,—,—,
before,功能字,在…以前,A 基礎必會,文法／連接／介系詞,—,—,—,
begin,v.,開始,A 基礎必會,動詞,began,begun,是,
behavior,n.,行為,A 基礎必會,名詞,—,—,—,
believe,v.,相信,A 基礎必會,動詞,believed,believed,否,
belong,v.,屬於,A 基礎必會,動詞,belonged,belonged,否,
below,功能字,在…下方,A 基礎必會,文法／連接／介系詞,—,—,—,
bend,v.,彎曲,A 基礎必會,動詞,bent,bent,是,
benefit,n.,好處；利益,A 基礎必會,名詞,—,—,—,
beside,功能字,在…旁邊,A 基礎必會,文法／連接／介系詞,—,—,—,
besides,功能字,除了；此外,A 基礎必會,文法／連接／介系詞,—,—,—,
best,adj.,最好的,A 基礎必會,形容詞,—,—,—,
better,adj.,更好的,A 基礎必會,形容詞,—,—,—,
between,功能字,在…之間,A 基礎必會,文法／連接／介系詞,—,—,—,
beyond,功能字,超過；在…之外,A 基礎必會,文法／連接／介系詞,—,—,—,
bicycle,n.,腳踏車,A 基礎必會,名詞,—,—,—,
big,adj.,大的,A 基礎必會,形容詞,—,—,—,
bill,n.,帳單；法案；鈔票,A 基礎必會,名詞,—,—,—,
biology,n.,生物學,A 基礎必會,名詞,—,—,—,
bird,n.,鳥,A 基礎必會,名詞,—,—,—,
birth,n.,出生,A 基礎必會,名詞,—,—,—,
birthday,n.,生日,A 基礎必會,名詞,—,—,—,
bit,n.,一點；小片,A 基礎必會,名詞,—,—,—,
bite,v.,咬,A 基礎必會,動詞,bit,bitten,是,
black,adj.,黑色的,A 基礎必會,形容詞,—,—,—,
blind,adj.,失明的；盲目的,A 基礎必會,形容詞,—,—,—,
blood,n.,血,A 基礎必會,名詞,—,—,—,
blow,v.,吹,A 基礎必會,動詞,blew,blown,是,
blue,adj.,藍色的,A 基礎必會,形容詞,—,—,—,
board,n.,板子；董事會,A 基礎必會,名詞,—,—,—,
boat,n.,船,A 基礎必會,名詞,—,—,—,
body,n.,身體；主體,A 基礎必會,名詞,—,—,—,
book,n.,書,A 基礎必會,名詞,—,—,—,
border,n.,邊界,A 基礎必會,名詞,—,—,—,
born,adj.,出生的,A 基礎必會,形容詞,—,—,—,
borrow,v.,借入,A 基礎必會,動詞,borrowed,borrowed,否,
boss,n.,老闆,A 基礎必會,名詞,—,—,—,
both,功能字,兩者都,A 基礎必會,文法／連接／介系詞,—,—,—,
bottle,n.,瓶子,A 基礎必會,名詞,—,—,—,
bottom,n.,底部,A 基礎必會,名詞,—,—,—,
box,n.,盒子,A 基礎必會,名詞,—,—,—,
boy,n.,男孩,A 基礎必會,名詞,—,—,—,
brain,n.,大腦,A 基礎必會,名詞,—,—,—,
branch,n.,樹枝；分店；分支,A 基礎必會,名詞,—,—,—,
brand,n.,品牌,A 基礎必會,名詞,—,—,—,
break,v.,打破；休息,A 基礎必會,動詞,broke,broken,是,
breakfast,n.,早餐,A 基礎必會,名詞,—,—,—,
bridge,n.,橋,A 基礎必會,名詞,—,—,—,
brief,adj.,簡短的,A 基礎必會,形容詞,—,—,—,
bright,adj.,明亮的；聰明的,A 基礎必會,形容詞,—,—,—,
bring,v.,帶來,A 基礎必會,動詞,brought,brought,是,
broad,adj.,寬廣的；廣泛的,A 基礎必會,形容詞,—,—,—,
brother,n.,兄弟,A 基礎必會,名詞,—,—,—,
brown,adj.,棕色的,A 基礎必會,形容詞,—,—,—,
budget,n.,預算,A 基礎必會,名詞,—,—,—,
build,v.,建造,A 基礎必會,動詞,built,built,是,
building,n.,建築物,A 基礎必會,名詞,—,—,—,
burn,v.,燃燒,A 基礎必會,動詞,burned/burnt,burned/burnt,是,
bus,n.,公車,A 基礎必會,名詞,—,—,—,
business,n.,生意；企業,A 基礎必會,名詞,—,—,—,
busy,adj.,忙碌的,A 基礎必會,形容詞,—,—,—,
but,功能字,但是,A 基礎必會,文法／連接／介系詞,—,—,—,
buy,v.,購買,A 基礎必會,動詞,bought,bought,是,
by,功能字,由；藉由；在…以前,A 基礎必會,文法／連接／介系詞,—,—,—,
cake,n.,蛋糕,A 基礎必會,名詞,—,—,—,
calculate,v.,計算,B 中高級核心,動詞,calculated,calculated,否,
call,v.,打電話；稱呼,A 基礎必會,動詞,called,called,否,
camera,n.,相機,A 基礎必會,名詞,—,—,—,
campaign,n.,活動；競選,A 基礎必會,名詞,—,—,—,
can,功能字,能；可以,A 基礎必會,文法／連接／介系詞,—,—,—,
cancel,v.,取消,B 中高級核心,動詞,canceled,canceled,否,
candidate,n.,候選人；求職者,A 基礎必會,名詞,—,—,—,
capital,n.,首都；資本,A 基礎必會,名詞,—,—,—,
car,n.,汽車,A 基礎必會,名詞,—,—,—,
card,n.,卡片,A 基礎必會,名詞,—,—,—,
care,n.,照顧；關心,A 基礎必會,名詞,—,—,—,
career,n.,職涯,A 基礎必會,名詞,—,—,—,
careful,adj.,小心的,A 基礎必會,形容詞,—,—,—,
carefully,adv.,小心地,A 基礎必會,副詞,—,—,—,
carry,v.,攜帶,A 基礎必會,動詞,carried,carried,否,
case,n.,情況；案件,A 基礎必會,名詞,—,—,—,
cash,n.,現金,A 基礎必會,名詞,—,—,—,
cat,n.,貓,A 基礎必會,名詞,—,—,—,
catch,v.,抓住；趕上,A 基礎必會,動詞,caught,caught,是,
category,n.,類別,A 基礎必會,名詞,—,—,—,
cause,v.,造成,A 基礎必會,動詞,caused,caused,否,
celebrate,v.,慶祝,B 中高級核心,動詞,celebrated,celebrated,否,
celebration,n.,慶祝,A 基礎必會,名詞,—,—,—,
cell,n.,細胞；小室,A 基礎必會,名詞,—,—,—,
center,n.,中心,A 基礎必會,名詞,—,—,—,
central,adj.,中央的,A 基礎必會,形容詞,—,—,—,
century,n.,世紀,A 基礎必會,名詞,—,—,—,
certain,adj.,確定的,A 基礎必會,形容詞,—,—,—,
certainly,adv.,當然；確定地,A 基礎必會,副詞,—,—,—,
chain,n.,鏈條,A 基礎必會,名詞,—,—,—,
chair,n.,椅子；主席,A 基礎必會,名詞,—,—,—,
challenge,n.,挑戰,A 基礎必會,名詞,—,—,—,
chance,n.,機會；可能性,A 基礎必會,名詞,—,—,—,
change,v.,改變,A 基礎必會,動詞,changed,changed,否,
channel,n.,頻道；管道,A 基礎必會,名詞,—,—,—,
character,n.,角色；性格,A 基礎必會,名詞,—,—,—,
characteristic,n.,特徵,A 基礎必會,名詞,—,—,—,
charge,n.,費用；指控,A 基礎必會,名詞,—,—,—,
cheap,adj.,便宜的,A 基礎必會,形容詞,—,—,—,
chemical,adj.,化學的,A 基礎必會,形容詞,—,—,—,
chemistry,n.,化學,A 基礎必會,名詞,—,—,—,
child,n.,小孩,A 基礎必會,名詞,—,—,—,
choice,n.,選擇,A 基礎必會,名詞,—,—,—,
choose,v.,選擇,A 基礎必會,動詞,chose,chosen,是,
church,n.,教堂,A 基礎必會,名詞,—,—,—,
circle,n.,圓,A 基礎必會,名詞,—,—,—,
circumstance,n.,情況；環境,A 基礎必會,名詞,—,—,—,
citizen,n.,公民,A 基礎必會,名詞,—,—,—,
city,n.,城市,A 基礎必會,名詞,—,—,—,
civil,adj.,公民的；民事的,A 基礎必會,形容詞,—,—,—,
class,n.,課；班級,A 基礎必會,名詞,—,—,—,
classic,adj.,經典的,A 基礎必會,形容詞,—,—,—,
classroom,n.,教室,A 基礎必會,名詞,—,—,—,
clean,adj.,乾淨的,A 基礎必會,形容詞,—,—,—,
clear,adj.,清楚的,A 基礎必會,形容詞,—,—,—,
clearly,adv.,清楚地,A 基礎必會,副詞,—,—,—,
climate,n.,氣候,A 基礎必會,名詞,—,—,—,
clock,n.,時鐘,A 基礎必會,名詞,—,—,—,
clothes,n.,衣服,A 基礎必會,名詞,—,—,—,
cloud,n.,雲,A 基礎必會,名詞,—,—,—,
club,n.,俱樂部；社團,A 基礎必會,名詞,—,—,—,
coach,n.,教練,A 基礎必會,名詞,—,—,—,
coast,n.,海岸,A 基礎必會,名詞,—,—,—,
coffee,n.,咖啡,A 基礎必會,名詞,—,—,—,
cold,n./adj.,感冒,A 基礎必會,名詞；形容詞,—,—,—,
collection,n.,收藏；集合,A 基礎必會,名詞,—,—,—,
college,n.,大學；學院,A 基礎必會,名詞,—,—,—,
color,n.,顏色,A 基礎必會,名詞,—,—,—,
combine,v.,結合,B 中高級核心,動詞,combined,combined,否,
come,v.,來,A 基礎必會,動詞,came,come,是,
comfortable,adj.,舒適的,A 基礎必會,形容詞,—,—,—,
command,n.,命令,A 基礎必會,名詞,—,—,—,
comment,n.,評論,A 基礎必會,名詞,—,—,—,
commercial,adj.,商業的,A 基礎必會,形容詞,—,—,—,
commitment,n.,承諾；投入,A 基礎必會,名詞,—,—,—,
committee,n.,委員會,A 基礎必會,名詞,—,—,—,
common,adj.,常見的,A 基礎必會,形容詞,—,—,—,
communicate,v.,溝通,B 中高級核心,動詞,communicated,communicated,否,
communication,n.,溝通；通訊,A 基礎必會,名詞,—,—,—,
community,n.,社區；群體,A 基礎必會,名詞,—,—,—,
company,n.,公司,A 基礎必會,名詞,—,—,—,
compare,v.,比較,A 基礎必會,動詞,compared,compared,否,
comparison,n.,比較,A 基礎必會,名詞,—,—,—,
competition,n.,競爭；比賽,A 基礎必會,名詞,—,—,—,
competitive,adj.,有競爭力的；競爭激烈的,A 基礎必會,形容詞,—,—,—,
complain,v.,抱怨,B 中高級核心,動詞,complained,complained,否,
complete,v./adj.,完整的,A 基礎必會,動詞；形容詞,completed,completed,否,
completely,adv.,完全地,A 基礎必會,副詞,—,—,—,
complex,adj.,複雜的,A 基礎必會,形容詞,—,—,—,
computer,n.,電腦,A 基礎必會,名詞,—,—,—,
concentrate,v.,專心；集中,B 中高級核心,動詞,concentrated,concentrated,否,
concentration,n.,專心；濃度,A 基礎必會,名詞,—,—,—,
concept,n.,概念,A 基礎必會,名詞,—,—,—,
concern,n.,關心；擔憂,A 基礎必會,名詞,—,—,—,
concerned,adj.,擔心的；相關的,A 基礎必會,形容詞,—,—,—,
condition,n.,狀況；條件,A 基礎必會,名詞,—,—,—,
conduct,v.,進行；引導,B 中高級核心,動詞,conducted,conducted,否,
conference,n.,會議,A 基礎必會,名詞,—,—,—,
confidence,n.,信心,A 基礎必會,名詞,—,—,—,
confident,adj.,有信心的,A 基礎必會,形容詞,—,—,—,
confirm,v.,確認,B 中高級核心,動詞,confirmed,confirmed,否,
conflict,n.,衝突,A 基礎必會,名詞,—,—,—,
connect,v.,連接,B 中高級核心,動詞,connected,connected,否,
connection,n.,連線；關聯,A 基礎必會,名詞,—,—,—,
consequence,n.,後果,A 基礎必會,名詞,—,—,—,
consider,v.,考慮；認為,A 基礎必會,動詞,considered,considered,否,
construct,v.,建造；構成,B 中高級核心,動詞,constructed,constructed,否,
construction,n.,建設；構造,A 基礎必會,名詞,—,—,—,
contact,v./n.,聯絡,B 中高級核心,動詞；名詞,contacted,contacted,否,
contain,v.,包含；容納,B 中高級核心,動詞,contained,contained,否,
content,n.,內容,A 基礎必會,名詞,—,—,—,
context,n.,上下文；情境,A 基礎必會,名詞,—,—,—,
continue,v.,繼續,A 基礎必會,動詞,continued,continued,否,
contract,v./n.,縮小；感染,B 中高級核心,動詞；名詞,contracted,contracted,否,
contribute,v.,貢獻,B 中高級核心,動詞,contributed,contributed,否,
contribution,n.,貢獻,A 基礎必會,名詞,—,—,—,
control,v.,控制,A 基礎必會,動詞,controled,controled,否,
convenient,adj.,方便的,A 基礎必會,形容詞,—,—,—,
conversation,n.,對話,A 基礎必會,名詞,—,—,—,
convince,v.,說服,B 中高級核心,動詞,convinced,convinced,否,
cookie,n.,餅乾,A 基礎必會,名詞,—,—,—,
cool,adj.,涼的；酷的,A 基礎必會,形容詞,—,—,—,
corner,n.,角落,A 基礎必會,名詞,—,—,—,
correct,adj.,正確的,A 基礎必會,形容詞,—,—,—,
cost,v.,花費,A 基礎必會,動詞,cost,cost,是,
could,功能字,能夠；可能,A 基礎必會,文法／連接／介系詞,—,—,—,
couple,n.,一對；幾個,A 基礎必會,名詞,—,—,—,
course,n.,課程；路線,A 基礎必會,名詞,—,—,—,
court,n.,法院；球場,A 基礎必會,名詞,—,—,—,
create,v.,創造,A 基礎必會,動詞,created,created,否,
creative,adj.,有創意的,A 基礎必會,形容詞,—,—,—,
credit,n.,信用；學分,A 基礎必會,名詞,—,—,—,
crime,n.,犯罪,A 基礎必會,名詞,—,—,—,
critical,adj.,關鍵的；批判性的,A 基礎必會,形容詞,—,—,—,
crowd,n.,人群,A 基礎必會,名詞,—,—,—,
culture,n.,文化,A 基礎必會,名詞,—,—,—,
cup,n.,杯子,A 基礎必會,名詞,—,—,—,
current,adj./adv.,目前的,A 基礎必會,形容詞；副詞,—,—,—,
customer,n.,顧客,A 基礎必會,名詞,—,—,—,
cut,v.,切,A 基礎必會,動詞,cut,cut,是,
daily,adj./adv.,每日的,A 基礎必會,形容詞；副詞,—,—,—,
damage,n.,損害,A 基礎必會,名詞,—,—,—,
dangerous,adj.,危險的,A 基礎必會,形容詞,—,—,—,
dark,adj.,黑暗的,A 基礎必會,形容詞,—,—,—,
data,n.,資料,A 基礎必會,名詞,—,—,—,
date,n.,日期；約會,A 基礎必會,名詞,—,—,—,
daughter,n.,女兒,A 基礎必會,名詞,—,—,—,
day,n.,天,A 基礎必會,名詞,—,—,—,
dead,adj.,死的,A 基礎必會,形容詞,—,—,—,
deal,v.,處理；交易,A 基礎必會,動詞,dealt,dealt,是,
death,n.,死亡,A 基礎必會,名詞,—,—,—,
debate,v./n.,辯論,B 中高級核心,動詞；名詞,debated,debated,否,
decade,n.,十年,A 基礎必會,名詞,—,—,—,
decide,v.,決定,A 基礎必會,動詞,decided,decided,否,
decision,n.,決定,A 基礎必會,名詞,—,—,—,
decline,v.,下降；拒絕,B 中高級核心,動詞,declined,declined,否,
decrease,v.,減少,B 中高級核心,動詞,decreased,decreased,否,
deep,adj.,深的,A 基礎必會,形容詞,—,—,—,
degree,n.,程度；學位,A 基礎必會,名詞,—,—,—,
delay,n.,延遲,A 基礎必會,名詞,—,—,—,
deliver,v.,遞送；發表,B 中高級核心,動詞,delivered,delivered,否,
demand,v./n.,需求；要求,B 中高級核心,動詞；名詞,demanded,demanded,否,
depend,v.,依靠；取決於,B 中高級核心,動詞,depended,depended,否,
describe,v.,描述,A 基礎必會,動詞,described,described,否,
description,n.,描述,A 基礎必會,名詞,—,—,—,
design,v./n.,設計,B 中高級核心,動詞；名詞,designed,designed,否,
desire,v./n.,渴望,B 中高級核心,動詞；名詞,desired,desired,否,
desk,n.,書桌,A 基礎必會,名詞,—,—,—,
despite,功能字,儘管,A 基礎必會,文法／連接／介系詞,—,—,—,
detail,n.,細節,A 基礎必會,名詞,—,—,—,
determine,v.,決定；確定,B 中高級核心,動詞,determined,determined,否,
develop,v.,發展,A 基礎必會,動詞,developed,developed,否,
development,n.,發展,A 基礎必會,名詞,—,—,—,
device,n.,裝置,A 基礎必會,名詞,—,—,—,
die,v.,死亡,A 基礎必會,動詞,died,died,否,
diet,n.,飲食,A 基礎必會,名詞,—,—,—,
difference,n.,差異,A 基礎必會,名詞,—,—,—,
different,adj.,不同的,A 基礎必會,形容詞,—,—,—,
difficult,adj.,困難的,A 基礎必會,形容詞,—,—,—,
difficulty,n.,困難,A 基礎必會,名詞,—,—,—,
digital,adj.,數位的,A 基礎必會,形容詞,—,—,—,
dinner,n.,晚餐,A 基礎必會,名詞,—,—,—,
direct,adj.,直接的,A 基礎必會,形容詞,—,—,—,
direction,n.,方向；指示,A 基礎必會,名詞,—,—,—,
directly,adv.,直接地,A 基礎必會,副詞,—,—,—,
director,n.,主管；導演,A 基礎必會,名詞,—,—,—,
discover,v.,發現,A 基礎必會,動詞,discovered,discovered,否,
discuss,v.,討論,A 基礎必會,動詞,discussed,discussed,否,
disease,n.,疾病,A 基礎必會,名詞,—,—,—,
distance,n.,距離,A 基礎必會,名詞,—,—,—,
district,n.,地區,A 基礎必會,名詞,—,—,—,
divide,v.,分開；除以,B 中高級核心,動詞,divided,divided,否,
do,v.,做,A 基礎必會,動詞,did,done,是,
doctor,n.,醫生,A 基礎必會,名詞,—,—,—,
document,n.,文件,A 基礎必會,名詞,—,—,—,
dog,n.,狗,A 基礎必會,名詞,—,—,—,
door,n.,門,A 基礎必會,名詞,—,—,—,
doubt,n.,懷疑,A 基礎必會,名詞,—,—,—,
down,adv.,向下,A 基礎必會,副詞,—,—,—,
download,v.,下載,B 中高級核心,動詞,downloaded,downloaded,否,
draw,v.,畫；拉,A 基礎必會,動詞,drew,drawn,是,
dream,v./n.,做夢；夢想,A 基礎必會,動詞；名詞,dreamed/dreamt,dreamed/dreamt,是,
drink,v.,喝,A 基礎必會,動詞,drank,drunk,是,
drive,v.,駕駛,A 基礎必會,動詞,drove,driven,是,
driver,n.,駕駛,A 基礎必會,名詞,—,—,—,
drug,n.,藥物；毒品,A 基礎必會,名詞,—,—,—,
dry,adj.,乾的,A 基礎必會,形容詞,—,—,—,
during,功能字,在…期間,A 基礎必會,文法／連接／介系詞,—,—,—,
duty,n.,責任,A 基礎必會,名詞,—,—,—,
each,功能字,每一個,A 基礎必會,文法／連接／介系詞,—,—,—,
ear,n.,耳朵,A 基礎必會,名詞,—,—,—,
early,adv.,提早,A 基礎必會,副詞,—,—,—,
earn,v.,賺得,B 中高級核心,動詞,earned,earned,否,
earth,n.,地球,A 基礎必會,名詞,—,—,—,
easy,adj.,容易的,A 基礎必會,形容詞,—,—,—,
eat,v.,吃,A 基礎必會,動詞,ate,eaten,是,
economic,adj.,經濟的,A 基礎必會,形容詞,—,—,—,
economy,n.,經濟,A 基礎必會,名詞,—,—,—,
edge,n.,邊緣,A 基礎必會,名詞,—,—,—,
education,n.,教育,A 基礎必會,名詞,—,—,—,
effect,n.,效果；影響,A 基礎必會,名詞,—,—,—,
effective,adj.,有效的,A 基礎必會,形容詞,—,—,—,
efficient,adj.,有效率的,A 基礎必會,形容詞,—,—,—,
effort,n.,努力,A 基礎必會,名詞,—,—,—,
egg,n.,蛋,A 基礎必會,名詞,—,—,—,
either,功能字,兩者之一,A 基礎必會,文法／連接／介系詞,—,—,—,
elect,v.,選出,B 中高級核心,動詞,elected,elected,否,
electric,adj.,電的,A 基礎必會,形容詞,—,—,—,
electricity,n.,電力,A 基礎必會,名詞,—,—,—,
electronic,adj.,電子的,A 基礎必會,形容詞,—,—,—,
element,n.,元素；要素,A 基礎必會,名詞,—,—,—,
email,n.,電子郵件,A 基礎必會,名詞,—,—,—,
emergency,n.,緊急事件,A 基礎必會,名詞,—,—,—,
emotion,n.,情緒,A 基礎必會,名詞,—,—,—,
employ,v.,僱用,B 中高級核心,動詞,employed,employed,否,
employee,n.,員工,A 基礎必會,名詞,—,—,—,
employer,n.,雇主,A 基礎必會,名詞,—,—,—,
employment,n.,就業,A 基礎必會,名詞,—,—,—,
empty,adj.,空的,A 基礎必會,形容詞,—,—,—,
encourage,v.,鼓勵,A 基礎必會,動詞,encouraged,encouraged,否,
energy,n.,能量,A 基礎必會,名詞,—,—,—,
engine,n.,引擎,A 基礎必會,名詞,—,—,—,
engineer,n.,工程師,A 基礎必會,名詞,—,—,—,
enjoy,v.,享受；喜歡,A 基礎必會,動詞,enjoyed,enjoyed,否,
enter,v.,進入,B 中高級核心,動詞,entered,entered,否,
environment,n.,環境,A 基礎必會,名詞,—,—,—,
environmental,adj.,環境的,A 基礎必會,形容詞,—,—,—,
equal,adj.,相等的,A 基礎必會,形容詞,—,—,—,
equipment,n.,設備,A 基礎必會,名詞,—,—,—,
error,n.,錯誤,A 基礎必會,名詞,—,—,—,
especially,adv.,尤其,A 基礎必會,副詞,—,—,—,
essential,adj.,必要的,A 基礎必會,形容詞,—,—,—,
establish,v.,建立,B 中高級核心,動詞,established,established,否,
estimate,v.,估計,B 中高級核心,動詞,estimated,estimated,否,
event,n.,事件,A 基礎必會,名詞,—,—,—,
eventually,adv.,最後；終於,A 基礎必會,副詞,—,—,—,
ever,adv.,曾經,A 基礎必會,副詞,—,—,—,
every,功能字,每一個,A 基礎必會,文法／連接／介系詞,—,—,—,
evidence,n.,證據,A 基礎必會,名詞,—,—,—,
exactly,adv.,正確地；完全,A 基礎必會,副詞,—,—,—,
exam,n.,考試,A 基礎必會,名詞,—,—,—,
examine,v.,檢查,B 中高級核心,動詞,examined,examined,否,
example,n.,例子,A 基礎必會,名詞,—,—,—,
excellent,adj.,優秀的,A 基礎必會,形容詞,—,—,—,
exchange,v./n.,交換；匯兌,B 中高級核心,動詞；名詞,exchanged,exchanged,否,
excited,adj.,感到興奮的,A 基礎必會,形容詞,—,—,—,
exciting,adj.,令人興奮的,A 基礎必會,形容詞,—,—,—,
exercise,n.,運動；練習,A 基礎必會,名詞,—,—,—,
exist,v.,存在,B 中高級核心,動詞,existed,existed,否,
expand,v.,擴大,B 中高級核心,動詞,expanded,expanded,否,
expect,v.,預期,A 基礎必會,動詞,expected,expected,否,
expense,n.,費用,A 基礎必會,名詞,—,—,—,
expensive,adj.,昂貴的,A 基礎必會,形容詞,—,—,—,
experience,n.,經驗,A 基礎必會,名詞,—,—,—,
experiment,n.,實驗,A 基礎必會,名詞,—,—,—,
expert,n.,專家,A 基礎必會,名詞,—,—,—,
explain,v.,解釋,A 基礎必會,動詞,explained,explained,否,
explanation,n.,解釋,A 基礎必會,名詞,—,—,—,
explore,v.,探索,B 中高級核心,動詞,explored,explored,否,
express,v.,表達,B 中高級核心,動詞,expressed,expressed,否,
expression,n.,表達；表情,A 基礎必會,名詞,—,—,—,
eye,n.,眼睛,A 基礎必會,名詞,—,—,—,
face,n.,臉,A 基礎必會,名詞,—,—,—,
fact,n.,事實,A 基礎必會,名詞,—,—,—,
factor,n.,因素,A 基礎必會,名詞,—,—,—,
fail,v.,失敗,B 中高級核心,動詞,failed,failed,否,
failure,n.,失敗,A 基礎必會,名詞,—,—,—,
fair,adj.,公平的,A 基礎必會,形容詞,—,—,—,
fall,v.,掉落；跌倒,A 基礎必會,動詞,fell,fallen,是,
false,adj.,錯誤的；假的,A 基礎必會,形容詞,—,—,—,
familiar,adj.,熟悉的,A 基礎必會,形容詞,—,—,—,
family,n.,家庭,A 基礎必會,名詞,—,—,—,
famous,adj.,有名的,A 基礎必會,形容詞,—,—,—,
far,adv.,遠地,A 基礎必會,副詞,—,—,—,
farm,n.,農場,A 基礎必會,名詞,—,—,—,
farmer,n.,農夫,A 基礎必會,名詞,—,—,—,
fast,adj./adv.,快速地,A 基礎必會,形容詞；副詞,—,—,—,
fat,adj.,胖的,A 基礎必會,形容詞,—,—,—,
fault,n.,錯誤；責任,A 基礎必會,名詞,—,—,—,
favorite,adj.,最喜歡的,A 基礎必會,形容詞,—,—,—,
fear,n.,恐懼,A 基礎必會,名詞,—,—,—,
feature,n.,特徵；功能,A 基礎必會,名詞,—,—,—,
feed,v.,餵食,A 基礎必會,動詞,fed,fed,是,
feel,v.,感覺,A 基礎必會,動詞,felt,felt,是,
feeling,n.,感覺；情緒,A 基礎必會,名詞,—,—,—,
female,adj.,女性的,A 基礎必會,形容詞,—,—,—,
few,功能字,少數,A 基礎必會,文法／連接／介系詞,—,—,—,
field,n.,田野；領域；場地,A 基礎必會,名詞,—,—,—,
fight,v.,打鬥；奮鬥,A 基礎必會,動詞,fought,fought,是,
figure,n.,數字；人物,A 基礎必會,名詞,—,—,—,
file,n.,檔案,A 基礎必會,名詞,—,—,—,
fill,v.,填滿,A 基礎必會,動詞,filled,filled,否,
film,n.,電影,A 基礎必會,名詞,—,—,—,
final,adj.,最後的,A 基礎必會,形容詞,—,—,—,
finally,adv.,最後；終於,A 基礎必會,副詞,—,—,—,
finance,n.,財務,A 基礎必會,名詞,—,—,—,
financial,adj.,財務的,A 基礎必會,形容詞,—,—,—,
find,v.,找到；發現,A 基礎必會,動詞,found,found,是,
fine,adj.,好的；細的,A 基礎必會,形容詞,—,—,—,
finger,n.,手指,A 基礎必會,名詞,—,—,—,
finish,v.,完成,A 基礎必會,動詞,finished,finished,否,
fire,n.,火,A 基礎必會,名詞,—,—,—,
firm,adj.,堅固的,A 基礎必會,形容詞,—,—,—,
fit,v.,適合；安裝,A 基礎必會,動詞,fit/fitted,fit/fitted,是,
flat,adj.,平的,A 基礎必會,形容詞,—,—,—,
floor,n.,地板；樓層,A 基礎必會,名詞,—,—,—,
flow,n.,流動,A 基礎必會,名詞,—,—,—,
flower,n.,花,A 基礎必會,名詞,—,—,—,
fly,v.,飛,A 基礎必會,動詞,flew,flown,是,
focus,v./n.,專注,B 中高級核心,動詞；名詞,focused,focused,否,
follow,v.,跟隨；遵循,A 基礎必會,動詞,followed,followed,否,
food,n.,食物,A 基礎必會,名詞,—,—,—,
foot,n.,腳；英尺,A 基礎必會,名詞,—,—,—,
for,功能字,為了；給；持續,A 基礎必會,文法／連接／介系詞,—,—,—,
force,v./n.,迫使,B 中高級核心,動詞；名詞,forced,forced,否,
foreign,adj.,外國的,A 基礎必會,形容詞,—,—,—,
forest,n.,森林,A 基礎必會,名詞,—,—,—,
forget,v.,忘記,A 基礎必會,動詞,forgot,forgotten,是,
forgive,v.,原諒,A 基礎必會,動詞,forgave,forgiven,是,
form,v./n.,形式；表格,B 中高級核心,動詞；名詞,formed,formed,否,
formal,adj.,正式的,A 基礎必會,形容詞,—,—,—,
forward,adv.,向前,A 基礎必會,副詞,—,—,—,
free,adj.,自由的；免費的,A 基礎必會,形容詞,—,—,—,
freedom,n.,自由,A 基礎必會,名詞,—,—,—,
freeze,v.,結冰；冷凍,A 基礎必會,動詞,froze,frozen,是,
frequent,adj.,頻繁的,A 基礎必會,形容詞,—,—,—,
frequently,adv.,頻繁地,A 基礎必會,副詞,—,—,—,
fresh,adj.,新鮮的,A 基礎必會,形容詞,—,—,—,
friend,n.,朋友,A 基礎必會,名詞,—,—,—,
friendly,adj.,友善的,A 基礎必會,形容詞,—,—,—,
from,功能字,從；來自,A 基礎必會,文法／連接／介系詞,—,—,—,
front,n.,前面,A 基礎必會,名詞,—,—,—,
fruit,n.,水果,A 基礎必會,名詞,—,—,—,
full,adj.,滿的；完整的,A 基礎必會,形容詞,—,—,—,
function,n.,功能,A 基礎必會,名詞,—,—,—,
fund,n.,基金,A 基礎必會,名詞,—,—,—,
future,n.,未來,A 基礎必會,名詞,—,—,—,
gain,v.,獲得；增加,A 基礎必會,動詞,gained,gained,否,
game,n.,遊戲；比賽,A 基礎必會,名詞,—,—,—,
garden,n.,花園,A 基礎必會,名詞,—,—,—,
gas,n.,氣體；汽油,A 基礎必會,名詞,—,—,—,
general,adj.,一般的,A 基礎必會,形容詞,—,—,—,
generally,adv.,通常；大致上,A 基礎必會,副詞,—,—,—,
generation,n.,世代,B 中高級核心,名詞,—,—,—,
get,v.,得到；變得,A 基礎必會,動詞,got,got/gotten,是,
give,v.,給予,A 基礎必會,動詞,gave,given,是,
global,adj.,全球的,A 基礎必會,形容詞,—,—,—,
go,v.,去,A 基礎必會,動詞,went,gone,是,
goal,n.,目標,B 中高級核心,名詞,—,—,—,
gold,n.,黃金,B 中高級核心,名詞,—,—,—,
good,adj.,好的,A 基礎必會,形容詞,—,—,—,
government,n.,政府,B 中高級核心,名詞,—,—,—,
grade,n.,年級；成績,B 中高級核心,名詞,—,—,—,
gradual,adj.,逐漸的,A 基礎必會,形容詞,—,—,—,
gradually,adv.,逐漸地,A 基礎必會,副詞,—,—,—,
graduate,n.,畢業生,B 中高級核心,名詞,—,—,—,
grammar,n.,文法,B 中高級核心,名詞,—,—,—,
grandparent,n.,祖父母,B 中高級核心,名詞,—,—,—,
grant,n.,補助金,B 中高級核心,名詞,—,—,—,
grass,n.,草,B 中高級核心,名詞,—,—,—,
great,adj.,很棒的；巨大的,B 中高級核心,形容詞,—,—,—,
green,adj.,綠色的,B 中高級核心,形容詞,—,—,—,
ground,n.,地面；理由,B 中高級核心,名詞,—,—,—,
group,n.,群體,B 中高級核心,名詞,—,—,—,
grow,v.,成長；種植,A 基礎必會,動詞,grew,grown,是,
growth,n.,成長；增長,B 中高級核心,名詞,—,—,—,
guide,n.,指南；導遊,B 中高級核心,名詞,—,—,—,
habit,n.,習慣,B 中高級核心,名詞,—,—,—,
hair,n.,頭髮,B 中高級核心,名詞,—,—,—,
half,n.,一半,B 中高級核心,名詞,—,—,—,
hand,n.,手,B 中高級核心,名詞,—,—,—,
handle,v./n.,處理,B 中高級核心,動詞；名詞,handled,handled,否,
happen,v.,發生,A 基礎必會,動詞,happened,happened,否,
happy,adj.,快樂的,B 中高級核心,形容詞,—,—,—,
hard,adj./adv.,困難的；硬的,B 中高級核心,形容詞；副詞,—,—,—,
hardly,adv.,幾乎不,A 基礎必會,副詞,—,—,—,
hat,n.,帽子,B 中高級核心,名詞,—,—,—,
have,v.,有,A 基礎必會,動詞,had,had,是,
he,功能字,他,A 基礎必會,文法／連接／介系詞,—,—,—,
health,n.,健康,B 中高級核心,名詞,—,—,—,
healthy,adj.,健康的,B 中高級核心,形容詞,—,—,—,
hear,v.,聽見,A 基礎必會,動詞,heard,heard,是,
heart,n.,心臟；內心,B 中高級核心,名詞,—,—,—,
heat,n.,熱,B 中高級核心,名詞,—,—,—,
heavy,adj.,重的,B 中高級核心,形容詞,—,—,—,
height,n.,高度,B 中高級核心,名詞,—,—,—,
help,v.,幫助,A 基礎必會,動詞,helped,helped,否,
helpful,adj.,有幫助的,B 中高級核心,形容詞,—,—,—,
her,功能字,她,A 基礎必會,文法／連接／介系詞,—,—,—,
here,功能字/adv.,這裡,A 基礎必會,文法／連接／介系詞；副詞,—,—,—,
hide,v.,躲藏；隱藏,A 基礎必會,動詞,hid,hidden,是,
high,adj.,高的,B 中高級核心,形容詞,—,—,—,
highly,adv.,高度地；非常,A 基礎必會,副詞,—,—,—,
him,功能字,他,A 基礎必會,文法／連接／介系詞,—,—,—,
his,功能字,他的,A 基礎必會,文法／連接／介系詞,—,—,—,
history,n.,歷史,B 中高級核心,名詞,—,—,—,
hit,v.,擊打,A 基礎必會,動詞,hit,hit,是,
hold,v.,拿著；舉行,A 基礎必會,動詞,held,held,是,
holiday,n.,假日,B 中高級核心,名詞,—,—,—,
home,n.,家,B 中高級核心,名詞,—,—,—,
honest,adj.,誠實的,B 中高級核心,形容詞,—,—,—,
hope,v./n.,希望,A 基礎必會,動詞；名詞,hoped,hoped,否,
hospital,n.,醫院,B 中高級核心,名詞,—,—,—,
host,n.,主人；主持人,B 中高級核心,名詞,—,—,—,
hot,adj.,熱的；熱門的,B 中高級核心,形容詞,—,—,—,
hotel,n.,旅館,B 中高級核心,名詞,—,—,—,
hour,n.,小時,B 中高級核心,名詞,—,—,—,
house,n.,房子,B 中高級核心,名詞,—,—,—,
how,功能字,如何；多麼,A 基礎必會,文法／連接／介系詞,—,—,—,
however,adv.,然而,A 基礎必會,副詞,—,—,—,
huge,adj.,巨大的,B 中高級核心,形容詞,—,—,—,
human,adj.,人類的,B 中高級核心,形容詞,—,—,—,
husband,n.,丈夫,B 中高級核心,名詞,—,—,—,
I,功能字,我,A 基礎必會,文法／連接／介系詞,—,—,—,
idea,n.,想法,B 中高級核心,名詞,—,—,—,
identify,v.,辨認,B 中高級核心,動詞,identified,identified,否,
if,功能字,如果；是否,A 基礎必會,文法／連接／介系詞,—,—,—,
ignore,v.,忽視,B 中高級核心,動詞,ignored,ignored,否,
ill,adj.,生病的,B 中高級核心,形容詞,—,—,—,
image,n.,影像；形象,B 中高級核心,名詞,—,—,—,
imagine,v.,想像,B 中高級核心,動詞,imagined,imagined,否,
immediate,adj.,立即的,B 中高級核心,形容詞,—,—,—,
immediately,adv.,立即地,A 基礎必會,副詞,—,—,—,
impact,n.,影響；衝擊,B 中高級核心,名詞,—,—,—,
important,adj.,重要的,B 中高級核心,形容詞,—,—,—,
impossible,adj.,不可能的,B 中高級核心,形容詞,—,—,—,
improve,v.,改善,A 基礎必會,動詞,improved,improved,否,
in,功能字,在…裡,A 基礎必會,文法／連接／介系詞,—,—,—,
include,v.,包含,A 基礎必會,動詞,included,included,否,
income,n.,收入,B 中高級核心,名詞,—,—,—,
increase,v.,增加,A 基礎必會,動詞,increased,increased,否,
increasingly,adv.,日益地,A 基礎必會,副詞,—,—,—,
independent,adj.,獨立的,B 中高級核心,形容詞,—,—,—,
indicate,v.,指出；顯示,B 中高級核心,動詞,indicated,indicated,否,
individual,adj.,個別的,B 中高級核心,形容詞,—,—,—,
industry,n.,產業,B 中高級核心,名詞,—,—,—,
influence,v./n.,影響,A 基礎必會,動詞；名詞,influenced,influenced,否,
information,n.,資訊,B 中高級核心,名詞,—,—,—,
inside,adv.,在裡面,A 基礎必會,副詞,—,—,—,
instead,adv.,反而；代替,A 基礎必會,副詞,—,—,—,
instruction,n.,指示；教學,B 中高級核心,名詞,—,—,—,
instrument,n.,儀器；樂器,B 中高級核心,名詞,—,—,—,
insurance,n.,保險,B 中高級核心,名詞,—,—,—,
intend,v.,打算,B 中高級核心,動詞,intended,intended,否,
interest,n.,興趣；利息,B 中高級核心,名詞,—,—,—,
interested,adj.,感興趣的,B 中高級核心,形容詞,—,—,—,
interesting,adj.,有趣的,B 中高級核心,形容詞,—,—,—,
international,adj.,國際的,B 中高級核心,形容詞,—,—,—,
internet,n.,網際網路,B 中高級核心,名詞,—,—,—,
interview,n.,面試；訪談,B 中高級核心,名詞,—,—,—,
into,功能字,進入；變成,A 基礎必會,文法／連接／介系詞,—,—,—,
introduce,v.,介紹；引進,A 基礎必會,動詞,introduced,introduced,否,
invest,v.,投資,B 中高級核心,動詞,invested,invested,否,
investment,n.,投資,B 中高級核心,名詞,—,—,—,
invite,v.,邀請,A 基礎必會,動詞,invited,invited,否,
involve,v.,涉及,B 中高級核心,動詞,involved,involved,否,
island,n.,島嶼,B 中高級核心,名詞,—,—,—,
issue,n.,議題；問題,B 中高級核心,名詞,—,—,—,
it,功能字,它,A 基礎必會,文法／連接／介系詞,—,—,—,
item,n.,項目；物品,B 中高級核心,名詞,—,—,—,
job,n.,工作,B 中高級核心,名詞,—,—,—,
join,v.,加入,A 基礎必會,動詞,joined,joined,否,
journey,n.,旅程,B 中高級核心,名詞,—,—,—,
judge,n.,法官,B 中高級核心,名詞,—,—,—,
keep,v.,保持,A 基礎必會,動詞,kept,kept,是,
key,n.,鑰匙；關鍵,B 中高級核心,名詞,—,—,—,
kid,n.,小孩,B 中高級核心,名詞,—,—,—,
kind,n.,種類,B 中高級核心,名詞,—,—,—,
kitchen,n.,廚房,B 中高級核心,名詞,—,—,—,
know,v.,知道；認識,A 基礎必會,動詞,knew,known,是,
knowledge,n.,知識,B 中高級核心,名詞,—,—,—,
lack,n.,缺乏,B 中高級核心,名詞,—,—,—,
language,n.,語言,B 中高級核心,名詞,—,—,—,
later,adv.,之後,B 中高級核心,副詞,—,—,—,
law,n.,法律,B 中高級核心,名詞,—,—,—,
lawyer,n.,律師,B 中高級核心,名詞,—,—,—,
lead,v.,領導；導致,A 基礎必會,動詞,led,led,是,
leader,n.,領導者,B 中高級核心,名詞,—,—,—,
learn,v.,學習,A 基礎必會,動詞,learned/learnt,learned/learnt,是,
leave,v.,離開；留下,A 基礎必會,動詞,left,left,是,
legal,adj.,合法的,B 中高級核心,形容詞,—,—,—,
lend,v.,借出,A 基礎必會,動詞,lent,lent,是,
lesson,n.,課,B 中高級核心,名詞,—,—,—,
let,v.,讓,A 基礎必會,動詞,let,let,是,
letter,n.,信；字母,B 中高級核心,名詞,—,—,—,
level,n.,程度；層級,B 中高級核心,名詞,—,—,—,
library,n.,圖書館,B 中高級核心,名詞,—,—,—,
lie,v.,躺；說謊,A 基礎必會,動詞,lay,lain,是,
life,n.,生命；生活,B 中高級核心,名詞,—,—,—,
light,n.,光,B 中高級核心,名詞,—,—,—,
likely,adj.,可能的,B 中高級核心,形容詞,—,—,—,
limit,v./n.,限制,B 中高級核心,動詞；名詞,limited,limited,否,
line,n.,線；排隊,B 中高級核心,名詞,—,—,—,
link,n.,連結,B 中高級核心,名詞,—,—,—,
list,n.,清單,B 中高級核心,名詞,—,—,—,
little,功能字/adj.,少量,A 基礎必會,文法／連接／介系詞；形容詞,—,—,—,
local,adj.,當地的,B 中高級核心,形容詞,—,—,—,
location,n.,位置；地點,B 中高級核心,名詞,—,—,—,
long,adj.,長的,B 中高級核心,形容詞,—,—,—,
look,n.,外表,B 中高級核心,名詞,—,—,—,
lose,v.,失去；輸,A 基礎必會,動詞,lost,lost,是,
loss,n.,損失,B 中高級核心,名詞,—,—,—,
love,n.,愛,B 中高級核心,名詞,—,—,—,
low,adj.,低的,B 中高級核心,形容詞,—,—,—,
lucky,adj.,幸運的,B 中高級核心,形容詞,—,—,—,
lunch,n.,午餐,B 中高級核心,名詞,—,—,—,
machine,n.,機器,B 中高級核心,名詞,—,—,—,
magazine,n.,雜誌,B 中高級核心,名詞,—,—,—,
main,adj.,主要的,B 中高級核心,形容詞,—,—,—,
mainly,adv.,主要地,B 中高級核心,副詞,—,—,—,
maintain,v.,維持,B 中高級核心,動詞,maintained,maintained,否,
major,adj.,主要的,B 中高級核心,形容詞,—,—,—,
make,v.,製作；使,A 基礎必會,動詞,made,made,是,
manage,v.,管理；設法做到,A 基礎必會,動詞,managed,managed,否,
management,n.,管理,B 中高級核心,名詞,—,—,—,
manager,n.,經理,B 中高級核心,名詞,—,—,—,
many,功能字,許多,A 基礎必會,文法／連接／介系詞,—,—,—,
map,n.,地圖,B 中高級核心,名詞,—,—,—,
market,n.,市場,B 中高級核心,名詞,—,—,—,
marriage,n.,婚姻,B 中高級核心,名詞,—,—,—,
married,adj.,已婚的,B 中高級核心,形容詞,—,—,—,
material,n.,材料；物質,B 中高級核心,名詞,—,—,—,
matter,n.,事情；物質,B 中高級核心,名詞,—,—,—,
may,功能字,可能；可以,A 基礎必會,文法／連接／介系詞,—,—,—,
maybe,adv.,也許,B 中高級核心,副詞,—,—,—,
me,功能字,我,A 基礎必會,文法／連接／介系詞,—,—,—,
meal,n.,一餐,B 中高級核心,名詞,—,—,—,
mean,v.,意思是；意味著,A 基礎必會,動詞,meant,meant,是,
meaning,n.,意思；意義,B 中高級核心,名詞,—,—,—,
meanwhile,adv.,同時；另一方面,B 中高級核心,副詞,—,—,—,
measure,v./n.,測量；措施,B 中高級核心,動詞；名詞,measured,measured,否,
media,n.,媒體,B 中高級核心,名詞,—,—,—,
medical,adj.,醫療的,B 中高級核心,形容詞,—,—,—,
medicine,n.,藥；醫學,B 中高級核心,名詞,—,—,—,
meet,v.,遇見；會面,A 基礎必會,動詞,met,met,是,
meeting,n.,會議,B 中高級核心,名詞,—,—,—,
member,n.,成員,B 中高級核心,名詞,—,—,—,
memory,n.,記憶,B 中高級核心,名詞,—,—,—,
mention,v.,提到,A 基礎必會,動詞,mentioned,mentioned,否,
message,n.,訊息,B 中高級核心,名詞,—,—,—,
method,n.,方法,B 中高級核心,名詞,—,—,—,
middle,n.,中間,B 中高級核心,名詞,—,—,—,
might,功能字,可能,A 基礎必會,文法／連接／介系詞,—,—,—,
mile,n.,英里,B 中高級核心,名詞,—,—,—,
milk,n.,牛奶,B 中高級核心,名詞,—,—,—,
mind,n.,心智,B 中高級核心,名詞,—,—,—,
minute,n.,分鐘,B 中高級核心,名詞,—,—,—,
mistake,n.,錯誤,B 中高級核心,名詞,—,—,—,
model,n.,模型；模範,B 中高級核心,名詞,—,—,—,
modern,adj.,現代的,B 中高級核心,形容詞,—,—,—,
moment,n.,片刻,B 中高級核心,名詞,—,—,—,
money,n.,錢,B 中高級核心,名詞,—,—,—,
month,n.,月份,B 中高級核心,名詞,—,—,—,
more,功能字,更多,A 基礎必會,文法／連接／介系詞,—,—,—,
morning,n.,早上,B 中高級核心,名詞,—,—,—,
most,功能字,最多,A 基礎必會,文法／連接／介系詞,—,—,—,
mother,n.,母親,B 中高級核心,名詞,—,—,—,
mountain,n.,山,B 中高級核心,名詞,—,—,—,
mouth,n.,嘴,B 中高級核心,名詞,—,—,—,
move,v.,移動,A 基礎必會,動詞,moved,moved,否,
movie,n.,電影,B 中高級核心,名詞,—,—,—,
much,功能字,很多,A 基礎必會,文法／連接／介系詞,—,—,—,
music,n.,音樂,B 中高級核心,名詞,—,—,—,
must,功能字,必須；一定,A 基礎必會,文法／連接／介系詞,—,—,—,
my,功能字,我的,A 基礎必會,文法／連接／介系詞,—,—,—,
name,n.,名字,B 中高級核心,名詞,—,—,—,
nation,n.,國家；民族,B 中高級核心,名詞,—,—,—,
national,adj.,國家的,B 中高級核心,形容詞,—,—,—,
natural,adj.,自然的；天生的,B 中高級核心,形容詞,—,—,—,
nature,n.,自然；本質,B 中高級核心,名詞,—,—,—,
nearly,adv.,幾乎,B 中高級核心,副詞,—,—,—,
necessary,adj.,必要的,B 中高級核心,形容詞,—,—,—,
need,v.,需要,A 基礎必會,動詞,needed,needed,否,
negative,adj.,負面的,B 中高級核心,形容詞,—,—,—,
neighbor,n.,鄰居,B 中高級核心,名詞,—,—,—,
neither,功能字,兩者皆不,A 基礎必會,文法／連接／介系詞,—,—,—,
network,n.,網路；人脈,B 中高級核心,名詞,—,—,—,
never,adv.,從不,B 中高級核心,副詞,—,—,—,
new,adj.,新的,B 中高級核心,形容詞,—,—,—,
news,n.,新聞,B 中高級核心,名詞,—,—,—,
newspaper,n.,報紙,B 中高級核心,名詞,—,—,—,
nice,adj.,好的；友善的,B 中高級核心,形容詞,—,—,—,
night,n.,夜晚,B 中高級核心,名詞,—,—,—,
no,功能字,沒有；不,A 基礎必會,文法／連接／介系詞,—,—,—,
noise,n.,噪音,B 中高級核心,名詞,—,—,—,
none,功能字,一個也沒有,A 基礎必會,文法／連接／介系詞,—,—,—,
normal,adj.,正常的,B 中高級核心,形容詞,—,—,—,
normally,adv.,通常；正常地,B 中高級核心,副詞,—,—,—,
notice,v.,注意到,B 中高級核心,動詞,noticed,noticed,否,
now,adv.,現在,B 中高級核心,副詞,—,—,—,
number,n.,數字,B 中高級核心,名詞,—,—,—,
object,n.,物體；目標,B 中高級核心,名詞,—,—,—,
obvious,adj.,明顯的,B 中高級核心,形容詞,—,—,—,
obviously,adv.,明顯地,B 中高級核心,副詞,—,—,—,
occasion,n.,場合；時機,B 中高級核心,名詞,—,—,—,
occur,v.,發生,B 中高級核心,動詞,occured,occured,否,
of,功能字,…的；由…構成,A 基礎必會,文法／連接／介系詞,—,—,—,
offer,v.,提供,A 基礎必會,動詞,offered,offered,否,
office,n.,辦公室；職位,B 中高級核心,名詞,—,—,—,
officer,n.,官員；警官,B 中高級核心,名詞,—,—,—,
often,adv.,常常,B 中高級核心,副詞,—,—,—,
oil,n.,油；石油,B 中高級核心,名詞,—,—,—,
old,adj.,老的；舊的,B 中高級核心,形容詞,—,—,—,
on,功能字,在…上,A 基礎必會,文法／連接／介系詞,—,—,—,
online,adj./adv.,線上的,B 中高級核心,形容詞；副詞,—,—,—,
only,adv.,只有；僅僅,B 中高級核心,副詞,—,—,—,
open,v./adj.,開著的,A 基礎必會,動詞；形容詞,opened,opened,否,
operate,v.,操作；營運,B 中高級核心,動詞,operated,operated,否,
operation,n.,操作；營運；手術,B 中高級核心,名詞,—,—,—,
opinion,n.,意見,B 中高級核心,名詞,—,—,—,
opportunity,n.,機會,B 中高級核心,名詞,—,—,—,
option,n.,選項,B 中高級核心,名詞,—,—,—,
or,功能字,或者；否則,A 基礎必會,文法／連接／介系詞,—,—,—,
order,n.,順序；訂單；命令,B 中高級核心,名詞,—,—,—,
ordinary,adj.,普通的,B 中高級核心,形容詞,—,—,—,
organization,n.,組織,B 中高級核心,名詞,—,—,—,
organize,v.,組織；整理,A 基礎必會,動詞,organized,organized,否,
original,adj.,原本的,B 中高級核心,形容詞,—,—,—,
other,功能字,其他的,A 基礎必會,文法／連接／介系詞,—,—,—,
our,功能字,我們的,A 基礎必會,文法／連接／介系詞,—,—,—,
out,adv.,出去,B 中高級核心,副詞,—,—,—,
outside,adv.,在外面,B 中高級核心,副詞,—,—,—,
over,功能字,在…上方；超過,A 基礎必會,文法／連接／介系詞,—,—,—,
owner,n.,擁有者,B 中高級核心,名詞,—,—,—,
page,n.,頁,B 中高級核心,名詞,—,—,—,
pain,n.,疼痛,B 中高級核心,名詞,—,—,—,
pair,n.,一對,B 中高級核心,名詞,—,—,—,
paper,n.,紙；論文,B 中高級核心,名詞,—,—,—,
parent,n.,父母之一,B 中高級核心,名詞,—,—,—,
park,n.,公園,B 中高級核心,名詞,—,—,—,
part,n.,部分；角色,B 中高級核心,名詞,—,—,—,
particularly,adv.,尤其；特別,B 中高級核心,副詞,—,—,—,
partner,n.,夥伴；伴侶,B 中高級核心,名詞,—,—,—,
party,n.,派對；政黨,B 中高級核心,名詞,—,—,—,
passenger,n.,乘客,B 中高級核心,名詞,—,—,—,
path,n.,小路；途徑,B 中高級核心,名詞,—,—,—,
patient,n.,病人,B 中高級核心,名詞,—,—,—,
pattern,n.,模式；圖案,B 中高級核心,名詞,—,—,—,
pay,v.,支付,A 基礎必會,動詞,paid,paid,是,
peace,n.,和平,B 中高級核心,名詞,—,—,—,
people,n.,人們,B 中高級核心,名詞,—,—,—,
percent,n.,百分比,B 中高級核心,名詞,—,—,—,
perform,v.,執行；表演,A 基礎必會,動詞,performed,performed,否,
perhaps,adv.,也許,B 中高級核心,副詞,—,—,—,
period,n.,期間；句點,B 中高級核心,名詞,—,—,—,
person,n.,人,B 中高級核心,名詞,—,—,—,
personal,adj.,個人的,B 中高級核心,形容詞,—,—,—,
phone,n.,電話,B 中高級核心,名詞,—,—,—,
photo,n.,照片,B 中高級核心,名詞,—,—,—,
physical,adj.,身體的；物理的,B 中高級核心,形容詞,—,—,—,
physics,n.,物理學,B 中高級核心,名詞,—,—,—,
picture,n.,圖片,B 中高級核心,名詞,—,—,—,
piece,n.,一片；一件,B 中高級核心,名詞,—,—,—,
place,n.,地方,B 中高級核心,名詞,—,—,—,
plan,v./n.,計畫,A 基礎必會,動詞；名詞,planned,planned,否,
plane,n.,飛機；平面,B 中高級核心,名詞,—,—,—,
plant,n.,植物；工廠,B 中高級核心,名詞,—,—,—,
play,v.,玩；演奏,A 基礎必會,動詞,played,played,否,
player,n.,玩家；選手,B 中高級核心,名詞,—,—,—,
pleasure,n.,愉快；榮幸,B 中高級核心,名詞,—,—,—,
point,n.,點；觀點,B 中高級核心,名詞,—,—,—,
police,n.,警察,B 中高級核心,名詞,—,—,—,
policy,n.,政策,B 中高級核心,名詞,—,—,—,
political,adj.,政治的,B 中高級核心,形容詞,—,—,—,
poor,adj.,貧窮的；差的,B 中高級核心,形容詞,—,—,—,
popular,adj.,受歡迎的,B 中高級核心,形容詞,—,—,—,
population,n.,人口,B 中高級核心,名詞,—,—,—,
position,n.,位置；職位；立場,B 中高級核心,名詞,—,—,—,
positive,adj.,正面的,B 中高級核心,形容詞,—,—,—,
possible,adj.,可能的,B 中高級核心,形容詞,—,—,—,
post,v./n.,張貼；發布,B 中高級核心,動詞；名詞,posted,posted,否,
potential,n./adj.,潛在的,B 中高級核心,名詞；形容詞,—,—,—,
power,n.,力量；權力；電力,B 中高級核心,名詞,—,—,—,
practice,v./n.,練習；慣例,B 中高級核心,動詞；名詞,practiced,practiced,否,
prefer,v.,較喜歡,A 基礎必會,動詞,preferred,preferred,否,
prepare,v.,準備,A 基礎必會,動詞,prepared,prepared,否,
president,n.,總統；總裁,B 中高級核心,名詞,—,—,—,
pressure,n.,壓力,B 中高級核心,名詞,—,—,—,
prevent,v.,防止,A 基礎必會,動詞,prevented,prevented,否,
price,n.,價格,B 中高級核心,名詞,—,—,—,
primary,adj.,主要的；初級的,B 中高級核心,形容詞,—,—,—,
private,adj.,私人的,B 中高級核心,形容詞,—,—,—,
probably,adv.,大概；可能,B 中高級核心,副詞,—,—,—,
problem,n.,問題,B 中高級核心,名詞,—,—,—,
process,n.,過程,B 中高級核心,名詞,—,—,—,
produce,v.,生產；產生,A 基礎必會,動詞,produced,produced,否,
product,n.,產品,B 中高級核心,名詞,—,—,—,
production,n.,生產,B 中高級核心,名詞,—,—,—,
professional,adj.,專業的,B 中高級核心,形容詞,—,—,—,
program,n.,程式；節目,B 中高級核心,名詞,—,—,—,
progress,n.,進步；進展,B 中高級核心,名詞,—,—,—,
project,n.,專案,B 中高級核心,名詞,—,—,—,
promise,v./n.,承諾,B 中高級核心,動詞；名詞,promised,promised,否,
proper,adj.,適當的,B 中高級核心,形容詞,—,—,—,
property,n.,財產；特性,B 中高級核心,名詞,—,—,—,
protect,v.,保護,A 基礎必會,動詞,protected,protected,否,
provide,v.,提供,A 基礎必會,動詞,provided,provided,否,
public,adj.,公共的,B 中高級核心,形容詞,—,—,—,
publish,v.,出版；發布,B 中高級核心,動詞,published,published,否,
purpose,n.,目的,B 中高級核心,名詞,—,—,—,
put,v.,放置,A 基礎必會,動詞,put,put,是,
quality,n.,品質；特質,B 中高級核心,名詞,—,—,—,
question,n.,問題,B 中高級核心,名詞,—,—,—,
quick,adj.,快的,B 中高級核心,形容詞,—,—,—,
quickly,adv.,快速地,B 中高級核心,副詞,—,—,—,
quite,adv.,相當,B 中高級核心,副詞,—,—,—,
radio,n.,收音機,B 中高級核心,名詞,—,—,—,
raise,v.,提高；養育,B 中高級核心,動詞,raised,raised,否,
range,n.,範圍,B 中高級核心,名詞,—,—,—,
rate,n.,比率；評價,B 中高級核心,名詞,—,—,—,
reach,v.,到達；達成,A 基礎必會,動詞,reached,reached,否,
read,v.,閱讀,A 基礎必會,動詞,read,read,是,
ready,adj.,準備好的,B 中高級核心,形容詞,—,—,—,
real,adj.,真的,B 中高級核心,形容詞,—,—,—,
realize,v.,了解；實現,A 基礎必會,動詞,realized,realized,否,
really,adv.,真的；非常,B 中高級核心,副詞,—,—,—,
reason,n.,原因；理由,B 中高級核心,名詞,—,—,—,
receive,v.,收到,A 基礎必會,動詞,received,received,否,
recent,adj.,最近的,B 中高級核心,形容詞,—,—,—,
recently,adv.,最近,B 中高級核心,副詞,—,—,—,
recognize,v.,認出；承認,A 基礎必會,動詞,recognized,recognized,否,
recommend,v.,推薦；建議,B 中高級核心,動詞,recommended,recommended,否,
record,v.,記錄,B 中高級核心,動詞,recorded,recorded,否,
reduce,v.,減少,A 基礎必會,動詞,reduced,reduced,否,
refer,v.,提到；參考,B 中高級核心,動詞,refered,refered,否,
reflect,v.,反映；反思,B 中高級核心,動詞,reflected,reflected,否,
refuse,v.,拒絕,B 中高級核心,動詞,refused,refused,否,
region,n.,地區,B 中高級核心,名詞,—,—,—,
regular,adj.,規律的；一般的,B 中高級核心,形容詞,—,—,—,
relationship,n.,關係,B 中高級核心,名詞,—,—,—,
relax,v.,放鬆,B 中高級核心,動詞,relaxed,relaxed,否,
release,v.,釋放；發布,B 中高級核心,動詞,released,released,否,
rely,v.,依賴,B 中高級核心,動詞,relied,relied,否,
remain,v.,仍然是；留下,B 中高級核心,動詞,remained,remained,否,
remember,v.,記得,A 基礎必會,動詞,remembered,remembered,否,
remove,v.,移除,B 中高級核心,動詞,removed,removed,否,
repair,v.,修理,B 中高級核心,動詞,repaired,repaired,否,
repeat,v.,重複,B 中高級核心,動詞,repeated,repeated,否,
replace,v.,取代；更換,B 中高級核心,動詞,replaced,replaced,否,
reply,v./n.,回覆,B 中高級核心,動詞；名詞,replied,replied,否,
report,v./n.,報告；報導,B 中高級核心,動詞；名詞,reported,reported,否,
represent,v.,代表,B 中高級核心,動詞,represented,represented,否,
require,v.,要求；需要,A 基礎必會,動詞,required,required,否,
research,n.,研究,B 中高級核心,名詞,—,—,—,
resource,n.,資源,B 中高級核心,名詞,—,—,—,
respect,n.,尊重,B 中高級核心,名詞,—,—,—,
respond,v.,回應,B 中高級核心,動詞,responded,responded,否,
response,n.,回應,B 中高級核心,名詞,—,—,—,
responsible,adj.,負責的,B 中高級核心,形容詞,—,—,—,
rest,n.,休息；其餘,B 中高級核心,名詞,—,—,—,
restaurant,n.,餐廳,B 中高級核心,名詞,—,—,—,
result,n.,結果,B 中高級核心,名詞,—,—,—,
return,v.,返回；歸還,A 基礎必會,動詞,returned,returned,否,
review,v./n.,複習；評論,B 中高級核心,動詞；名詞,reviewed,reviewed,否,
rich,adj.,富有的；豐富的,B 中高級核心,形容詞,—,—,—,
ride,v.,騎；搭乘,A 基礎必會,動詞,rode,ridden,是,
right,adj.,正確的,B 中高級核心,形容詞,—,—,—,
rise,v.,上升,A 基礎必會,動詞,rose,risen,是,
risk,n.,風險,B 中高級核心,名詞,—,—,—,
river,n.,河流,B 中高級核心,名詞,—,—,—,
road,n.,道路,B 中高級核心,名詞,—,—,—,
role,n.,角色；作用,B 中高級核心,名詞,—,—,—,
room,n.,房間；空間,B 中高級核心,名詞,—,—,—,
rule,n.,規則,B 中高級核心,名詞,—,—,—,
run,v.,跑；運作,A 基礎必會,動詞,ran,run,是,
safe,adj.,安全的,B 中高級核心,形容詞,—,—,—,
safety,n.,安全,B 中高級核心,名詞,—,—,—,
same,adj.,相同的,B 中高級核心,形容詞,—,—,—,
say,v.,說,A 基礎必會,動詞,said,said,是,
school,n.,學校,B 中高級核心,名詞,—,—,—,
science,n.,科學,B 中高級核心,名詞,—,—,—,
scientific,adj.,科學的,B 中高級核心,形容詞,—,—,—,
scientist,n.,科學家,B 中高級核心,名詞,—,—,—,
score,n.,分數,B 中高級核心,名詞,—,—,—,
sea,n.,海,B 中高級核心,名詞,—,—,—,
search,v./n.,搜尋,B 中高級核心,動詞；名詞,searched,searched,否,
season,n.,季節,B 中高級核心,名詞,—,—,—,
seat,n.,座位,B 中高級核心,名詞,—,—,—,
section,n.,部分；章節,B 中高級核心,名詞,—,—,—,
see,v.,看見,A 基礎必會,動詞,saw,seen,是,
seem,v.,似乎,A 基礎必會,動詞,seemed,seemed,否,
select,v.,選擇,B 中高級核心,動詞,selected,selected,否,
sell,v.,販售,A 基礎必會,動詞,sold,sold,是,
send,v.,寄送,A 基礎必會,動詞,sent,sent,是,
sense,n.,感覺；意義,B 中高級核心,名詞,—,—,—,
sentence,n.,句子,B 中高級核心,名詞,—,—,—,
separate,adj.,分開的,B 中高級核心,形容詞,—,—,—,
serious,adj.,嚴重的；認真的,B 中高級核心,形容詞,—,—,—,
serve,v.,服務；供應,A 基礎必會,動詞,served,served,否,
service,n.,服務,B 中高級核心,名詞,—,—,—,
set,v.,設置,A 基礎必會,動詞,set,set,是,
several,功能字,幾個,A 基礎必會,文法／連接／介系詞,—,—,—,
share,v.,分享,A 基礎必會,動詞,shared,shared,否,
she,功能字,她,A 基礎必會,文法／連接／介系詞,—,—,—,
short,adj.,短的,B 中高級核心,形容詞,—,—,—,
should,功能字,應該,A 基礎必會,文法／連接／介系詞,—,—,—,
show,v.,展示,A 基礎必會,動詞,showed,shown/showed,是,
shut,v.,關閉,A 基礎必會,動詞,shut,shut,是,
side,n.,側面,B 中高級核心,名詞,—,—,—,
sign,n.,標誌；簽名,B 中高級核心,名詞,—,—,—,
signal,n.,訊號,B 中高級核心,名詞,—,—,—,
similar,adj.,相似的,B 中高級核心,形容詞,—,—,—,
similarly,adv.,相似地,B 中高級核心,副詞,—,—,—,
simple,adj.,簡單的,B 中高級核心,形容詞,—,—,—,
simply,adv.,簡單地；只不過,B 中高級核心,副詞,—,—,—,
since,功能字,自從；因為,A 基礎必會,文法／連接／介系詞,—,—,—,
sing,v.,唱歌,A 基礎必會,動詞,sang,sung,是,
single,adj.,單一的；單身的,B 中高級核心,形容詞,—,—,—,
sit,v.,坐,A 基礎必會,動詞,sat,sat,是,
situation,n.,情況,B 中高級核心,名詞,—,—,—,
skill,n.,技能,B 中高級核心,名詞,—,—,—,
sleep,v.,睡覺,A 基礎必會,動詞,slept,slept,是,
slowly,adv.,慢慢地,B 中高級核心,副詞,—,—,—,
small,adj.,小的,B 中高級核心,形容詞,—,—,—,
smart,adj.,聰明的；智慧型的,B 中高級核心,形容詞,—,—,—,
so,功能字,所以；如此,A 基礎必會,文法／連接／介系詞,—,—,—,
social,adj.,社會的；社交的,B 中高級核心,形容詞,—,—,—,
society,n.,社會,B 中高級核心,名詞,—,—,—,
software,n.,軟體,B 中高級核心,名詞,—,—,—,
solution,n.,解決方法,B 中高級核心,名詞,—,—,—,
solve,v.,解決,B 中高級核心,動詞,solved,solved,否,
some,功能字,一些,A 基礎必會,文法／連接／介系詞,—,—,—,
sometimes,adv.,有時候,B 中高級核心,副詞,—,—,—,
soon,adv.,很快；不久,B 中高級核心,副詞,—,—,—,
sound,n.,聲音,B 中高級核心,名詞,—,—,—,
source,n.,來源,B 中高級核心,名詞,—,—,—,
space,n.,空間；太空,B 中高級核心,名詞,—,—,—,
speak,v.,說話,A 基礎必會,動詞,spoke,spoken,是,
special,adj.,特別的,B 中高級核心,形容詞,—,—,—,
specific,adj.,特定的,B 中高級核心,形容詞,—,—,—,
speech,n.,演講；語言,B 中高級核心,名詞,—,—,—,
spend,v.,花費,A 基礎必會,動詞,spent,spent,是,
sport,n.,運動,B 中高級核心,名詞,—,—,—,
spread,v.,傳播,B 中高級核心,動詞,spread,spread,是,
stage,n.,舞台；階段,B 中高級核心,名詞,—,—,—,
stand,v.,站立；忍受,A 基礎必會,動詞,stood,stood,是,
standard,n./adj.,標準的,B 中高級核心,名詞；形容詞,—,—,—,
start,v.,開始,A 基礎必會,動詞,started,started,否,
state,n.,狀態；州,B 中高級核心,名詞,—,—,—,
station,n.,車站,B 中高級核心,名詞,—,—,—,
stay,v.,停留,A 基礎必會,動詞,stayed,stayed,否,
steal,v.,偷,A 基礎必會,動詞,stole,stolen,是,
step,n.,步驟,B 中高級核心,名詞,—,—,—,
still,adv.,仍然,B 中高級核心,副詞,—,—,—,
stop,v.,停止,A 基礎必會,動詞,stopped,stopped,否,
store,v./n.,儲存；存放,B 中高級核心,動詞；名詞,stored,stored,否,
story,n.,故事,B 中高級核心,名詞,—,—,—,
strategy,n.,策略,B 中高級核心,名詞,—,—,—,
street,n.,街道,B 中高級核心,名詞,—,—,—,
stress,n.,壓力,B 中高級核心,名詞,—,—,—,
strong,adj.,強壯的；強烈的,B 中高級核心,形容詞,—,—,—,
student,n.,學生,B 中高級核心,名詞,—,—,—,
study,v.,學習,A 基礎必會,動詞,studied,studied,否,
subject,n.,科目；主題,B 中高級核心,名詞,—,—,—,
success,n.,成功,B 中高級核心,名詞,—,—,—,
successful,adj.,成功的,B 中高級核心,形容詞,—,—,—,
sudden,adj.,突然的,B 中高級核心,形容詞,—,—,—,
suggest,v.,建議,A 基礎必會,動詞,suggested,suggested,否,
suggestion,n.,建議,B 中高級核心,名詞,—,—,—,
summer,n.,夏天,B 中高級核心,名詞,—,—,—,
support,v.,支持,A 基礎必會,動詞,supported,supported,否,
sure,adj.,確定的,B 中高級核心,形容詞,—,—,—,
surface,n.,表面,B 中高級核心,名詞,—,—,—,
system,n.,系統,B 中高級核心,名詞,—,—,—,
table,n.,桌子；表格,B 中高級核心,名詞,—,—,—,
take,v.,拿；帶；花費,A 基礎必會,動詞,took,taken,是,
talk,v.,談話,A 基礎必會,動詞,talked,talked,否,
task,n.,任務,B 中高級核心,名詞,—,—,—,
tax,n.,稅,B 中高級核心,名詞,—,—,—,
teach,v.,教,A 基礎必會,動詞,taught,taught,是,
teacher,n.,老師,B 中高級核心,名詞,—,—,—,
team,n.,團隊,B 中高級核心,名詞,—,—,—,
technology,n.,科技,B 中高級核心,名詞,—,—,—,
telephone,n.,電話,B 中高級核心,名詞,—,—,—,
television,n.,電視,B 中高級核心,名詞,—,—,—,
tell,v.,告訴,A 基礎必會,動詞,told,told,是,
temperature,n.,溫度,B 中高級核心,名詞,—,—,—,
term,n.,術語；學期,B 中高級核心,名詞,—,—,—,
test,v./n.,測試,B 中高級核心,動詞；名詞,tested,tested,否,
than,功能字,比,A 基礎必會,文法／連接／介系詞,—,—,—,
that,功能字,那個；那；以致,A 基礎必會,文法／連接／介系詞,—,—,—,
the,功能字,這個；那個；該,A 基礎必會,文法／連接／介系詞,—,—,—,
their,功能字,他們的,A 基礎必會,文法／連接／介系詞,—,—,—,
them,功能字,他們,A 基礎必會,文法／連接／介系詞,—,—,—,
theory,n.,理論,B 中高級核心,名詞,—,—,—,
there,功能字,那裡；有,A 基礎必會,文法／連接／介系詞,—,—,—,
these,功能字,這些,A 基礎必會,文法／連接／介系詞,—,—,—,
they,功能字,他們,A 基礎必會,文法／連接／介系詞,—,—,—,
thing,n.,事情；物品,B 中高級核心,名詞,—,—,—,
think,v.,思考；認為,A 基礎必會,動詞,thought,thought,是,
this,功能字,這個,A 基礎必會,文法／連接／介系詞,—,—,—,
those,功能字,那些,A 基礎必會,文法／連接／介系詞,—,—,—,
though,功能字,雖然；不過,A 基礎必會,文法／連接／介系詞,—,—,—,
thought,n.,想法,B 中高級核心,名詞,—,—,—,
through,功能字,穿過；透過,A 基礎必會,文法／連接／介系詞,—,—,—,
throughout,功能字,遍及；自始至終,A 基礎必會,文法／連接／介系詞,—,—,—,
throw,v.,丟；投擲,A 基礎必會,動詞,threw,thrown,是,
time,n.,時間；次數,B 中高級核心,名詞,—,—,—,
tiny,adj.,極小的,B 中高級核心,形容詞,—,—,—,
to,功能字,到；向；不定詞符號,A 基礎必會,文法／連接／介系詞,—,—,—,
today,adv.,今天,B 中高級核心,副詞,—,—,—,
together,adv.,一起,B 中高級核心,副詞,—,—,—,
tomorrow,adv.,明天,B 中高級核心,副詞,—,—,—,
tonight,adv.,今晚,B 中高級核心,副詞,—,—,—,
too,adv.,也；太,B 中高級核心,副詞,—,—,—,
tool,n.,工具,B 中高級核心,名詞,—,—,—,
topic,n.,主題,B 中高級核心,名詞,—,—,—,
total,n./adj.,總計的,B 中高級核心,名詞；形容詞,—,—,—,
totally,adv.,完全地,B 中高級核心,副詞,—,—,—,
touch,v.,觸碰,B 中高級核心,動詞,touched,touched,否,
tour,n.,旅行；參觀,B 中高級核心,名詞,—,—,—,
tourist,n.,觀光客,B 中高級核心,名詞,—,—,—,
toward,功能字,朝向,A 基礎必會,文法／連接／介系詞,—,—,—,
town,n.,城鎮,B 中高級核心,名詞,—,—,—,
trade,n.,貿易；交易,B 中高級核心,名詞,—,—,—,
traditional,adj.,傳統的,B 中高級核心,形容詞,—,—,—,
traffic,n.,交通；流量,B 中高級核心,名詞,—,—,—,
train,v./n.,訓練,B 中高級核心,動詞；名詞,trained,trained,否,
training,n.,訓練,B 中高級核心,名詞,—,—,—,
travel,v.,旅行,A 基礎必會,動詞,traveled,traveled,否,
treat,v.,對待；治療,B 中高級核心,動詞,treated,treated,否,
treatment,n.,治療；待遇,B 中高級核心,名詞,—,—,—,
tree,n.,樹,B 中高級核心,名詞,—,—,—,
trend,n.,趨勢,B 中高級核心,名詞,—,—,—,
trial,n.,試驗；審判,B 中高級核心,名詞,—,—,—,
trip,n.,旅行,B 中高級核心,名詞,—,—,—,
trouble,n.,麻煩,B 中高級核心,名詞,—,—,—,
true,adj.,真的,B 中高級核心,形容詞,—,—,—,
trust,v./n.,信任,B 中高級核心,動詞；名詞,trusted,trusted,否,
try,v.,嘗試,A 基礎必會,動詞,tried,tried,否,
type,n.,種類,B 中高級核心,名詞,—,—,—,
under,功能字,在…下面,A 基礎必會,文法／連接／介系詞,—,—,—,
understand,v.,了解,A 基礎必會,動詞,understood,understood,是,
unit,n.,單位；單元,B 中高級核心,名詞,—,—,—,
university,n.,大學,B 中高級核心,名詞,—,—,—,
unless,功能字,除非,A 基礎必會,文法／連接／介系詞,—,—,—,
until,功能字,直到,A 基礎必會,文法／連接／介系詞,—,—,—,
update,v.,更新,B 中高級核心,動詞,updated,updated,否,
upon,功能字,在…之上；一…就,A 基礎必會,文法／連接／介系詞,—,—,—,
us,功能字,我們,A 基礎必會,文法／連接／介系詞,—,—,—,
use,v.,使用,A 基礎必會,動詞,used,used,否,
user,n.,使用者,B 中高級核心,名詞,—,—,—,
usual,adj.,平常的,B 中高級核心,形容詞,—,—,—,
usually,adv.,通常,B 中高級核心,副詞,—,—,—,
value,v./n.,重視,B 中高級核心,動詞；名詞,valued,valued,否,
variety,n.,多樣性,B 中高級核心,名詞,—,—,—,
various,adj.,各種的,B 中高級核心,形容詞,—,—,—,
vehicle,n.,車輛,B 中高級核心,名詞,—,—,—,
version,n.,版本,B 中高級核心,名詞,—,—,—,
very,adv.,非常,B 中高級核心,副詞,—,—,—,
video,n.,影片,B 中高級核心,名詞,—,—,—,
view,n.,觀點；景色,B 中高級核心,名詞,—,—,—,
village,n.,村莊,B 中高級核心,名詞,—,—,—,
visit,v.,拜訪,A 基礎必會,動詞,visited,visited,否,
voice,n.,聲音；發言權,B 中高級核心,名詞,—,—,—,
volunteer,v.,志願服務,B 中高級核心,動詞,volunteered,volunteered,否,
wait,v.,等待,A 基礎必會,動詞,waited,waited,否,
wake,v.,醒來,A 基礎必會,動詞,woke,woken,是,
walk,v.,走路,A 基礎必會,動詞,walked,walked,否,
wall,n.,牆,B 中高級核心,名詞,—,—,—,
want,v.,想要,A 基礎必會,動詞,wanted,wanted,否,
war,n.,戰爭,B 中高級核心,名詞,—,—,—,
warm,adj.,溫暖的,B 中高級核心,形容詞,—,—,—,
warn,v.,警告,A 基礎必會,動詞,warned,warned,否,
warning,n.,警告,B 中高級核心,名詞,—,—,—,
wash,v.,洗,A 基礎必會,動詞,washed,washed,否,
watch,v.,觀看,A 基礎必會,動詞,watched,watched,否,
water,n.,水,B 中高級核心,名詞,—,—,—,
way,n.,方法；道路,B 中高級核心,名詞,—,—,—,
we,功能字,我們,A 基礎必會,文法／連接／介系詞,—,—,—,
weak,adj.,虛弱的；弱的,B 中高級核心,形容詞,—,—,—,
wear,v.,穿；戴,A 基礎必會,動詞,wore,worn,是,
weather,n.,天氣,B 中高級核心,名詞,—,—,—,
website,n.,網站,B 中高級核心,名詞,—,—,—,
week,n.,星期,B 中高級核心,名詞,—,—,—,
weekend,n.,週末,B 中高級核心,名詞,—,—,—,
weight,n.,重量；體重,B 中高級核心,名詞,—,—,—,
well,adv.,好地,B 中高級核心,副詞,—,—,—,
what,功能字,什麼,A 基礎必會,文法／連接／介系詞,—,—,—,
when,功能字,何時；當…時,A 基礎必會,文法／連接／介系詞,—,—,—,
where,功能字,哪裡；在…的地方,A 基礎必會,文法／連接／介系詞,—,—,—,
whereas,功能字,然而；反之,A 基礎必會,文法／連接／介系詞,—,—,—,
whether,功能字,是否,A 基礎必會,文法／連接／介系詞,—,—,—,
which,功能字,哪一個,A 基礎必會,文法／連接／介系詞,—,—,—,
while,功能字,當…時；然而,A 基礎必會,文法／連接／介系詞,—,—,—,
white,adj.,白色的,B 中高級核心,形容詞,—,—,—,
who,功能字,誰；…的人,A 基礎必會,文法／連接／介系詞,—,—,—,
whole,adj.,整個的,B 中高級核心,形容詞,—,—,—,
whose,功能字,誰的,A 基礎必會,文法／連接／介系詞,—,—,—,
why,功能字,為什麼,A 基礎必會,文法／連接／介系詞,—,—,—,
wide,adj.,寬的,B 中高級核心,形容詞,—,—,—,
wife,n.,妻子,B 中高級核心,名詞,—,—,—,
will,功能字,將會,A 基礎必會,文法／連接／介系詞,—,—,—,
win,v.,贏,A 基礎必會,動詞,won,won,是,
wind,n.,風,B 中高級核心,名詞,—,—,—,
window,n.,窗戶,B 中高級核心,名詞,—,—,—,
winter,n.,冬天,B 中高級核心,名詞,—,—,—,
wish,n.,願望,B 中高級核心,名詞,—,—,—,
with,功能字,和；用；帶有,A 基礎必會,文法／連接／介系詞,—,—,—,
within,功能字,在…之內,A 基礎必會,文法／連接／介系詞,—,—,—,
without,功能字,沒有；不帶,A 基礎必會,文法／連接／介系詞,—,—,—,
woman,n.,女人,B 中高級核心,名詞,—,—,—,
word,n.,單字,B 中高級核心,名詞,—,—,—,
work,v.,工作；運作,A 基礎必會,動詞,worked,worked,否,
worker,n.,工作者,B 中高級核心,名詞,—,—,—,
world,n.,世界,B 中高級核心,名詞,—,—,—,
worry,n.,擔心,B 中高級核心,名詞,—,—,—,
would,功能字,會；將會；願意,A 基礎必會,文法／連接／介系詞,—,—,—,
write,v.,寫,A 基礎必會,動詞,wrote,written,是,
writer,n.,作家,B 中高級核心,名詞,—,—,—,
wrong,adj.,錯的,B 中高級核心,形容詞,—,—,—,
year,n.,年,B 中高級核心,名詞,—,—,—,
yesterday,adv.,昨天,B 中高級核心,副詞,—,—,—,
yet,adv.,尚未；然而,B 中高級核心,副詞,—,—,—,
you,功能字,你；你們,A 基礎必會,文法／連接／介系詞,—,—,—,
young,adj.,年輕的,B 中高級核心,形容詞,—,—,—,
your,功能字,你的,A 基礎必會,文法／連接／介系詞,—,—,—,
